{"cameraMode":{"drawMode":0,"name":"Shaded","section":"Shading Mode"},"sceneLighting":true,"audioPlay":false,"sceneViewState":{"m_AlwaysRefresh":false,"showFog":false,"showSkybox":false,"showFlares":false,"showImageEffects":false,"showParticleSystems":false,"showVisualEffectGraphs":true,"m_FxEnabled":true},"in2DMode":false,"pivot":{"x":2.4252216815948488,"y":1.4266119003295899,"z":2.3742716312408449},"rotation":{"x":0.18872307240962983,"y":0.0191482026129961,"z":-0.003680481342598796,"w":0.9818399548530579},"size":0.4156551957130432,"orthographic":false}