{"cameraMode":{"drawMode":0,"name":"Shaded","section":"Shading Mode"},"sceneLighting":false,"audioPlay":false,"sceneViewState":{"m_AlwaysRefresh":false,"showFog":false,"showSkybox":false,"showFlares":false,"showImageEffects":false,"showParticleSystems":false,"showVisualEffectGraphs":true,"m_FxEnabled":true},"in2DMode":false,"pivot":{"x":-0.025724291801452638,"y":0.08392983675003052,"z":0.10430514812469483},"rotation":{"x":0.10822839289903641,"y":-0.0908314660191536,"z":0.009930302388966084,"w":0.9899209141731262},"size":0.6928203105926514,"orthographic":false}